,x,y,w,h,Total_Faces,Image_Name
0,156,147,419,419,1,real_00001.jpg
1,81,141,434,434,1,real_00002.jpg
2,262,13,125,125,2,real_00003.jpg
3,130,169,362,362,1,real_00004.jpg
4,60,202,332,332,1,real_00005.jpg
5,68,64,466,466,1,real_00006.jpg
6,340,386,88,88,2,real_00007.jpg
7,326,431,86,86,2,real_00008.jpg
8,0,0,0,0,0,0
9,18,88,446,446,1,real_00010.jpg
10,92,134,426,426,1,real_00011.jpg
11,113,188,379,379,1,real_00012.jpg
12,82,147,408,408,1,real_00013.jpg
13,288,9,45,45,2,real_00014.jpg
14,75,96,444,444,1,real_00015.jpg
15,0,0,0,0,0,0
16,80,123,453,453,1,real_00017.jpg
17,0,0,0,0,0,0
18,92,207,356,356,1,real_00019.jpg
19,210,117,181,181,2,real_00020.jpg
20,97,140,422,422,1,real_00021.jpg
21,48,53,445,445,1,real_00022.jpg
22,65,43,478,478,1,real_00023.jpg
23,72,59,498,498,1,real_00024.jpg
24,93,124,436,436,1,real_00025.jpg
25,16,90,479,479,2,real_00026.jpg
26,32,66,494,494,1,real_00027.jpg
27,71,87,432,432,1,real_00028.jpg
28,0,0,0,0,0,0
29,84,163,404,404,1,real_00030.jpg
30,14,169,408,408,1,real_00031.jpg
31,118,170,404,404,1,real_00032.jpg
32,62,51,482,482,1,real_00033.jpg
33,0,0,0,0,0,0
34,111,177,395,395,1,real_00035.jpg
35,215,201,287,287,1,real_00036.jpg
36,59,98,487,487,1,real_00037.jpg
37,111,159,391,391,1,real_00038.jpg
38,0,0,0,0,0,0
39,75,142,366,366,1,real_00040.jpg
40,65,81,434,434,1,real_00041.jpg
41,167,128,399,399,1,real_00042.jpg
42,147,122,426,426,1,real_00043.jpg
43,99,128,414,414,1,real_00044.jpg
44,37,116,420,420,2,real_00045.jpg
45,52,131,433,433,1,real_00046.jpg
46,159,307,89,89,3,real_00047.jpg
47,112,132,395,395,1,real_00048.jpg
48,13,562,27,27,3,real_00049.jpg
49,183,143,369,369,1,real_00050.jpg
50,62,172,350,350,1,real_00051.jpg
51,94,193,379,379,1,real_00052.jpg
52,126,149,390,390,1,real_00053.jpg
53,124,129,423,423,1,real_00054.jpg
54,252,312,60,60,2,real_00055.jpg
55,0,0,0,0,0,0
56,128,348,124,124,1,real_00057.jpg
57,35,38,532,532,1,real_00058.jpg
58,70,140,429,429,1,real_00059.jpg
59,88,22,469,469,1,real_00060.jpg
60,59,30,471,471,1,real_00061.jpg
61,141,184,379,379,1,real_00062.jpg
62,11,64,476,476,1,real_00063.jpg
63,74,110,434,434,1,real_00064.jpg
64,101,127,421,421,1,real_00065.jpg
65,0,0,0,0,0,0
66,80,85,464,464,1,real_00067.jpg
67,74,155,417,417,1,real_00068.jpg
68,35,90,503,503,1,real_00069.jpg
69,0,0,0,0,0,0
70,93,159,377,377,1,real_00071.jpg
71,310,397,35,35,1,real_00072.jpg
72,40,159,406,406,2,real_00073.jpg
73,151,146,422,422,1,real_00074.jpg
74,29,110,434,434,1,real_00075.jpg
75,70,60,455,455,1,real_00076.jpg
76,347,157,51,51,1,real_00077.jpg
77,66,103,447,447,1,real_00078.jpg
78,48,148,386,386,1,real_00079.jpg
79,117,121,464,464,1,real_00080.jpg
80,0,0,0,0,0,0
81,69,97,471,471,1,real_00082.jpg
82,113,231,349,349,1,real_00083.jpg
83,40,102,473,473,1,real_00084.jpg
84,49,61,468,468,1,real_00085.jpg
85,61,128,389,389,1,real_00086.jpg
86,101,202,351,351,1,real_00087.jpg
87,109,132,453,453,1,real_00088.jpg
88,89,180,411,411,1,real_00089.jpg
89,70,75,490,490,1,real_00090.jpg
90,34,97,471,471,1,real_00091.jpg
91,46,186,393,393,1,real_00092.jpg
92,117,161,423,423,1,real_00093.jpg
93,19,32,548,548,1,real_00094.jpg
94,59,139,426,426,1,real_00095.jpg
95,76,128,436,436,1,real_00096.jpg
96,28,382,52,52,1,real_00097.jpg
97,0,0,0,0,0,0
98,0,0,0,0,0,0
99,26,98,469,469,1,real_00100.jpg
100,63,75,471,471,1,real_00101.jpg
101,92,121,431,431,1,real_00102.jpg
102,303,123,58,58,1,real_00103.jpg
103,29,1,55,55,2,real_00104.jpg
104,263,231,80,80,1,real_00105.jpg
105,87,80,464,464,1,real_00106.jpg
106,79,154,390,390,1,real_00107.jpg
107,69,146,443,443,1,real_00108.jpg
108,47,55,508,508,1,real_00109.jpg
109,73,120,402,402,1,real_00110.jpg
110,23,167,373,373,1,real_00111.jpg
111,176,141,358,358,1,real_00112.jpg
112,82,115,476,476,1,real_00113.jpg
113,55,106,403,403,2,real_00114.jpg
114,93,126,409,409,1,real_00115.jpg
115,132,159,367,367,1,real_00116.jpg
116,158,190,343,343,1,real_00117.jpg
117,0,0,0,0,0,0
118,187,112,387,387,1,real_00119.jpg
119,72,103,473,473,1,real_00120.jpg
120,72,121,439,439,1,real_00121.jpg
121,31,71,516,516,1,real_00122.jpg
122,105,144,424,424,1,real_00123.jpg
123,111,161,394,394,1,real_00124.jpg
124,78,127,401,401,1,real_00125.jpg
125,101,140,424,424,1,real_00126.jpg
126,90,172,356,356,1,real_00127.jpg
127,57,29,509,509,1,real_00128.jpg
128,31,41,458,458,1,real_00129.jpg
129,105,109,390,390,1,real_00130.jpg
130,115,174,381,381,1,real_00131.jpg
131,79,99,432,432,1,real_00132.jpg
132,52,24,485,485,1,real_00133.jpg
133,65,96,464,464,1,real_00134.jpg
134,99,195,383,383,1,real_00135.jpg
135,53,117,442,442,1,real_00136.jpg
136,83,122,447,447,1,real_00137.jpg
137,74,111,400,400,1,real_00138.jpg
138,105,131,453,453,1,real_00139.jpg
139,98,168,393,393,1,real_00140.jpg
140,87,137,409,409,1,real_00141.jpg
141,75,109,426,426,1,real_00142.jpg
142,181,142,337,337,1,real_00143.jpg
143,78,97,444,444,1,real_00144.jpg
144,94,124,410,410,1,real_00145.jpg
145,37,9,468,468,1,real_00146.jpg
146,0,0,0,0,0,0
147,0,0,0,0,0,0
148,70,189,300,300,1,real_00149.jpg
149,44,90,487,487,1,real_00150.jpg
150,81,119,431,431,1,real_00151.jpg
151,85,165,377,377,1,real_00152.jpg
152,117,372,97,97,1,real_00153.jpg
153,62,148,402,402,1,real_00154.jpg
154,0,0,0,0,0,0
155,158,167,410,410,1,real_00156.jpg
156,67,57,458,458,1,real_00157.jpg
157,50,113,462,462,1,real_00158.jpg
158,116,107,431,431,1,real_00159.jpg
159,102,180,366,366,1,real_00160.jpg
160,20,122,399,399,1,real_00161.jpg
161,0,0,0,0,0,0
162,26,121,447,447,1,real_00163.jpg
163,92,130,418,418,1,real_00164.jpg
164,194,96,392,392,2,real_00165.jpg
165,117,166,367,367,2,real_00166.jpg
166,115,167,386,386,1,real_00167.jpg
167,91,309,28,28,3,real_00168.jpg
168,133,4,51,51,2,real_00169.jpg
169,53,133,448,448,1,real_00170.jpg
170,72,96,448,448,1,real_00171.jpg
171,66,131,414,414,1,real_00172.jpg
172,70,144,417,417,1,real_00173.jpg
173,90,104,429,429,1,real_00174.jpg
174,69,118,420,420,2,real_00175.jpg
175,67,162,403,403,1,real_00176.jpg
176,121,219,105,105,2,real_00177.jpg
177,43,65,458,458,1,real_00178.jpg
178,210,185,356,356,1,real_00179.jpg
179,110,195,378,378,1,real_00180.jpg
180,58,167,407,407,1,real_00181.jpg
181,116,197,364,364,1,real_00182.jpg
182,68,137,445,445,1,real_00183.jpg
183,110,200,377,377,1,real_00184.jpg
184,503,82,30,30,2,real_00185.jpg
185,103,111,440,440,1,real_00186.jpg
186,86,32,405,405,1,real_00187.jpg
187,111,129,403,403,1,real_00188.jpg
188,140,153,373,373,1,real_00189.jpg
189,31,66,460,460,1,real_00190.jpg
190,125,136,391,391,1,real_00191.jpg
191,42,182,380,380,1,real_00192.jpg
192,242,162,347,347,2,real_00193.jpg
193,60,143,384,384,1,real_00194.jpg
194,74,150,348,348,1,real_00195.jpg
195,41,141,425,425,1,real_00196.jpg
196,49,204,363,363,1,real_00197.jpg
197,150,255,116,116,2,real_00198.jpg
198,0,0,0,0,0,0
199,98,38,423,423,1,real_00200.jpg
200,68,67,471,471,1,real_00201.jpg
201,0,0,0,0,0,0
202,75,3,478,478,1,real_00203.jpg
203,37,34,489,489,1,real_00204.jpg
204,99,199,369,369,1,real_00205.jpg
205,60,141,417,417,1,real_00206.jpg
206,37,137,411,411,1,real_00207.jpg
207,111,132,402,402,1,real_00208.jpg
208,112,199,365,365,1,real_00209.jpg
209,59,117,424,424,1,real_00210.jpg
210,28,467,48,48,2,real_00211.jpg
211,9,48,516,516,2,real_00212.jpg
212,62,96,455,455,1,real_00213.jpg
213,62,137,432,432,1,real_00214.jpg
214,0,0,0,0,0,0
215,101,165,387,387,1,real_00216.jpg
216,49,46,536,536,1,real_00217.jpg
217,70,18,485,485,1,real_00218.jpg
218,533,436,63,63,3,real_00219.jpg
219,38,149,413,413,1,real_00220.jpg
220,78,141,408,408,1,real_00221.jpg
221,159,310,251,251,1,real_00222.jpg
222,0,0,0,0,0,0
223,0,0,0,0,0,0
224,115,195,383,383,1,real_00225.jpg
225,110,97,435,435,1,real_00226.jpg
226,95,121,428,428,1,real_00227.jpg
227,0,0,0,0,0,0
228,84,160,395,395,1,real_00229.jpg
229,117,209,369,369,1,real_00230.jpg
230,90,171,336,336,1,real_00231.jpg
231,64,98,438,438,1,real_00232.jpg
232,74,118,432,432,1,real_00233.jpg
233,100,105,408,408,1,real_00234.jpg
234,115,133,432,432,1,real_00235.jpg
235,41,82,474,474,1,real_00236.jpg
236,53,56,492,492,1,real_00237.jpg
237,24,32,511,511,1,real_00238.jpg
238,87,171,411,411,2,real_00239.jpg
239,0,0,0,0,0,0
240,80,120,418,418,1,real_00241.jpg
241,98,157,383,383,1,real_00242.jpg
242,57,156,371,371,2,real_00243.jpg
243,104,140,414,414,1,real_00244.jpg
244,82,137,395,395,1,real_00245.jpg
245,36,108,437,437,1,real_00246.jpg
246,0,0,0,0,0,0
247,131,180,362,362,2,real_00248.jpg
248,62,120,430,430,1,real_00249.jpg
249,482,353,52,52,1,real_00250.jpg
250,94,144,390,390,1,real_00251.jpg
251,108,160,389,389,1,real_00252.jpg
252,55,32,457,457,1,real_00253.jpg
253,116,188,377,377,1,real_00254.jpg
254,387,263,101,101,3,real_00255.jpg
255,121,143,390,390,1,real_00256.jpg
256,92,114,436,436,1,real_00257.jpg
257,86,60,436,436,1,real_00258.jpg
258,319,451,104,104,2,real_00259.jpg
259,81,126,408,408,1,real_00260.jpg
260,110,187,401,401,1,real_00261.jpg
261,88,84,50,50,2,real_00262.jpg
262,99,177,391,391,1,real_00263.jpg
263,85,121,432,432,1,real_00264.jpg
264,71,80,454,454,1,real_00265.jpg
265,24,140,405,405,1,real_00266.jpg
266,151,192,371,371,2,real_00267.jpg
267,63,143,386,386,1,real_00268.jpg
268,0,0,0,0,0,0
269,116,171,426,426,1,real_00270.jpg
270,55,104,455,455,1,real_00271.jpg
271,27,54,476,476,1,real_00272.jpg
272,111,148,417,417,2,real_00273.jpg
273,85,161,430,430,2,real_00274.jpg
274,0,0,0,0,0,0
275,86,184,339,339,1,real_00276.jpg
276,111,183,381,381,1,real_00277.jpg
277,96,190,365,365,1,real_00278.jpg
278,142,204,376,376,1,real_00279.jpg
279,72,72,487,487,1,real_00280.jpg
280,77,164,400,400,1,real_00281.jpg
281,0,0,0,0,0,0
282,46,133,422,422,1,real_00283.jpg
283,21,150,435,435,1,real_00284.jpg
284,34,104,468,468,1,real_00285.jpg
285,89,196,384,384,1,real_00286.jpg
286,158,180,392,392,1,real_00287.jpg
287,43,144,341,341,1,real_00288.jpg
288,56,167,410,410,1,real_00289.jpg
289,8,2,122,122,2,real_00290.jpg
290,73,150,419,419,1,real_00291.jpg
291,191,209,353,353,1,real_00292.jpg
292,86,120,448,448,1,real_00293.jpg
293,127,160,390,390,1,real_00294.jpg
294,68,107,442,442,1,real_00295.jpg
295,133,185,395,395,1,real_00296.jpg
296,109,195,367,367,1,real_00297.jpg
297,106,206,352,352,1,real_00298.jpg
298,30,175,385,385,1,real_00299.jpg
299,92,172,402,402,1,real_00300.jpg
300,89,183,360,360,1,real_00301.jpg
301,68,130,378,378,1,real_00302.jpg
302,111,189,368,368,1,real_00303.jpg
303,71,104,470,470,1,real_00304.jpg
304,131,173,378,378,2,real_00305.jpg
305,100,200,348,348,1,real_00306.jpg
306,47,100,413,413,1,real_00307.jpg
307,53,164,74,74,1,real_00308.jpg
308,0,0,0,0,0,0
309,24,139,393,393,1,real_00310.jpg
310,50,137,437,437,1,real_00311.jpg
311,84,204,380,380,1,real_00312.jpg
312,81,110,418,418,1,real_00313.jpg
313,132,246,226,226,1,real_00314.jpg
314,109,200,381,381,1,real_00315.jpg
315,27,100,422,422,1,real_00316.jpg
316,112,183,397,397,2,real_00317.jpg
317,0,0,0,0,0,0
318,0,0,0,0,0,0
319,0,0,0,0,0,0
320,0,0,0,0,0,0
321,2,184,57,57,1,real_00320.jpg
322,57,78,441,441,1,real_00321.jpg
323,104,205,378,378,1,real_00322.jpg
324,0,0,0,0,0,0
325,80,104,416,416,1,real_00324.jpg
326,103,159,413,413,1,real_00325.jpg
327,19,84,436,436,1,real_00326.jpg
328,550,189,30,30,1,real_00327.jpg
329,34,97,480,480,1,real_00328.jpg
330,97,46,480,480,1,real_00329.jpg
331,58,77,470,470,1,real_00330.jpg
332,120,131,431,431,1,real_00331(1).jpg
333,120,131,431,431,1,real_00331.jpg
334,111,163,399,399,1,real_00332.jpg
335,33,92,440,440,1,real_00333.jpg
336,77,169,393,393,1,real_00334.jpg
337,0,0,0,0,0,0
338,49,192,364,364,1,real_00336.jpg
339,91,137,413,413,1,real_00337.jpg
340,0,0,0,0,0,0
341,0,0,0,0,0,0
342,74,120,426,426,1,real_00340.jpg
343,133,71,445,445,1,real_00341.jpg
344,124,357,144,144,1,real_00342.jpg
345,57,196,382,382,1,real_00343.jpg
346,49,40,515,515,1,real_00344.jpg
347,133,100,423,423,1,real_00345.jpg
348,118,63,438,438,1,real_00346.jpg
349,143,159,430,430,1,real_00347.jpg
350,75,73,450,450,1,real_00348.jpg
351,64,167,400,400,1,real_00349.jpg
352,0,0,0,0,0,0
353,102,229,364,364,1,real_00351.jpg
354,107,156,384,384,1,real_00352.jpg
355,143,193,341,341,1,real_00353.jpg
356,161,151,416,416,2,real_00354.jpg
357,105,179,402,402,1,real_00355.jpg
358,43,137,447,447,1,real_00356.jpg
359,120,194,360,360,1,real_00357.jpg
360,135,171,412,412,1,real_00358.jpg
361,95,163,404,404,1,real_00359.jpg
362,69,115,431,431,1,real_00360.jpg
363,63,83,442,442,1,real_00361.jpg
364,467,16,94,94,2,real_00362.jpg
365,144,184,397,397,1,real_00363.jpg
366,0,0,0,0,0,0
367,57,148,425,425,1,real_00365.jpg
368,0,0,0,0,0,0
369,62,139,424,424,1,real_00367.jpg
370,102,144,415,415,1,real_00368.jpg
371,53,41,62,62,1,real_00369.jpg
372,56,145,407,407,1,real_00370.jpg
373,111,31,447,447,1,real_00371.jpg
374,461,29,67,67,2,real_00372.jpg
375,27,476,26,26,2,real_00373.jpg
376,355,203,63,63,1,real_00374.jpg
377,37,36,478,478,2,real_00375.jpg
378,84,171,389,389,1,real_00376.jpg
379,112,173,389,389,1,real_00377.jpg
380,145,11,28,28,2,real_00378.jpg
381,52,155,424,424,1,real_00379.jpg
382,164,144,337,337,1,real_00380.jpg
383,57,93,445,445,1,real_00381.jpg
384,94,112,414,414,1,real_00382.jpg
385,24,61,489,489,1,real_00383.jpg
386,0,0,0,0,0,0
387,64,174,350,350,2,real_00385.jpg
388,120,77,426,426,1,real_00386.jpg
389,88,124,438,438,1,real_00387.jpg
390,44,184,388,388,1,real_00388.jpg
391,0,0,0,0,0,0
392,68,67,482,482,1,real_00390.jpg
393,104,131,389,389,1,real_00391.jpg
394,134,154,380,380,1,real_00392.jpg
395,129,165,411,411,1,real_00393.jpg
396,89,107,452,452,1,real_00394.jpg
397,106,102,420,420,1,real_00395.jpg
398,101,165,371,371,1,real_00396.jpg
399,110,150,406,406,1,real_00397.jpg
400,56,95,451,451,1,real_00398.jpg
401,56,76,445,445,1,real_00399.jpg
402,70,60,452,452,1,real_00400.jpg
403,74,85,451,451,1,real_00401.jpg
404,0,0,0,0,0,0
405,108,229,346,346,1,real_00403.jpg
406,217,85,325,325,3,real_00404.jpg
407,34,124,430,430,1,real_00405.jpg
408,76,122,382,382,1,real_00406.jpg
409,61,106,420,420,1,real_00407.jpg
410,65,61,473,473,1,real_00408.jpg
411,457,321,75,75,2,real_00409.jpg
412,115,71,423,423,1,real_00410.jpg
413,92,138,411,411,1,real_00411.jpg
414,116,117,399,399,2,real_00412.jpg
415,5,298,58,58,2,real_00413.jpg
416,168,248,325,325,1,real_00414.jpg
417,93,169,373,373,1,real_00415.jpg
418,92,185,351,351,1,real_00416.jpg
419,133,132,209,209,2,real_00417.jpg
420,123,137,390,390,1,real_00418.jpg
421,27,39,442,442,1,real_00419.jpg
422,16,153,361,361,1,real_00420.jpg
423,93,156,405,405,1,real_00421.jpg
424,83,61,456,456,1,real_00422.jpg
425,266,138,62,62,2,real_00423.jpg
426,58,86,436,436,1,real_00424.jpg
427,75,136,434,434,1,real_00425.jpg
428,108,155,420,420,1,real_00426.jpg
429,68,133,448,448,1,real_00427.jpg
430,65,436,58,58,2,real_00428.jpg
431,60,98,433,433,1,real_00429.jpg
432,103,126,432,432,1,real_00430.jpg
433,128,126,406,406,1,real_00431.jpg
434,65,128,443,443,2,real_00432.jpg
435,0,0,0,0,0,0
436,119,195,348,348,1,real_00434.jpg
437,200,293,64,64,1,real_00435.jpg
438,102,136,418,418,1,real_00436.jpg
439,64,94,452,452,1,real_00437.jpg
440,143,129,408,408,1,real_00438.jpg
441,33,117,385,385,1,real_00439.jpg
442,111,115,420,420,1,real_00440.jpg
443,73,65,436,436,1,real_00441.jpg
444,90,123,420,420,1,real_00442.jpg
445,250,334,80,80,1,real_00443.jpg
446,35,19,496,496,1,real_00444.jpg
447,45,92,465,465,1,real_00445.jpg
448,78,112,426,426,1,real_00446.jpg
449,75,82,479,479,1,real_00447.jpg
450,98,158,402,402,1,real_00448.jpg
451,75,143,434,434,1,real_00449.jpg
452,89,137,430,430,1,real_00450.jpg
453,138,148,359,359,1,real_00451.jpg
454,476,277,68,68,2,real_00452.jpg
455,73,111,457,457,1,real_00453.jpg
456,66,97,437,437,1,real_00454.jpg
457,97,194,377,377,1,real_00455.jpg
458,111,114,420,420,1,real_00456(1).jpg
459,111,114,420,420,1,real_00456.jpg
460,83,127,423,423,1,real_00457.jpg
461,64,65,475,475,1,real_00458.jpg
462,110,207,347,347,1,real_00459.jpg
463,80,95,433,433,1,real_00460.jpg
464,69,58,463,463,1,real_00461.jpg
465,118,211,338,338,1,real_00462.jpg
466,123,207,228,228,1,real_00463.jpg
467,126,156,358,358,1,real_00464.jpg
468,67,191,348,348,1,real_00465.jpg
469,219,354,176,176,1,real_00466.jpg
470,110,165,371,371,1,real_00467.jpg
471,96,103,438,438,1,real_00468.jpg
472,120,218,349,349,1,real_00469.jpg
473,48,91,466,466,1,real_00470.jpg
474,112,316,97,97,1,real_00471.jpg
475,103,135,402,402,1,real_00472.jpg
476,52,78,447,447,1,real_00473.jpg
477,83,169,407,407,1,real_00474.jpg
478,74,163,402,402,1,real_00475.jpg
479,125,126,429,429,1,real_00476.jpg
480,103,165,379,379,1,real_00477.jpg
481,75,138,382,382,1,real_00478.jpg
482,36,10,505,505,2,real_00479.jpg
483,76,159,422,422,1,real_00480(1).jpg
484,76,159,422,422,1,real_00480.jpg
485,63,106,463,463,1,real_00481(1).jpg
486,63,106,463,463,1,real_00481.jpg
487,11,28,501,501,1,real_00482.jpg
488,47,47,499,499,1,real_00483.jpg
489,0,0,0,0,0,0
490,46,165,393,393,1,real_00485.jpg
491,130,7,450,450,1,real_00486.jpg
492,40,77,462,462,1,real_00487.jpg
493,0,0,0,0,0,0
494,64,183,362,362,1,real_00489.jpg
495,102,150,416,416,1,real_00490.jpg
496,57,144,379,379,1,real_00491.jpg
497,105,111,441,441,1,real_00492.jpg
498,190,83,276,276,1,real_00493.jpg
499,92,137,420,420,1,real_00494(1).jpg
500,92,137,420,420,1,real_00494.jpg
501,145,146,431,431,2,real_00495(1).jpg
502,145,146,431,431,2,real_00495.jpg
503,89,178,371,371,1,real_00496.jpg
504,117,220,342,342,1,real_00497.jpg
505,82,91,477,477,1,real_00498.jpg
506,54,176,388,388,1,real_00499.jpg
507,59,92,446,446,1,real_00500.jpg
508,11,81,435,435,1,real_00501.jpg
509,91,165,402,402,1,real_00502.jpg
510,74,125,418,418,1,real_00503.jpg
511,538,214,46,46,2,real_00504.jpg
512,85,76,402,402,1,real_00505.jpg
513,80,44,503,503,1,real_00506.jpg
514,48,85,486,486,1,real_00507.jpg
515,72,88,458,458,1,real_00508.jpg
516,105,240,338,338,1,real_00509.jpg
517,0,0,0,0,0,0
518,0,0,0,0,0,0
519,58,30,487,487,1,real_00512.jpg
520,410,4,106,106,4,real_00513.jpg
521,0,0,0,0,0,0
522,25,57,428,428,1,real_00515.jpg
523,45,131,442,442,1,real_00516.jpg
524,76,115,423,423,1,real_00517.jpg
525,53,139,407,407,2,real_00518.jpg
526,0,0,0,0,0,0
527,59,134,395,395,1,real_00520.jpg
528,70,146,413,413,1,real_00521.jpg
529,0,0,0,0,0,0
530,115,149,386,386,1,real_00523.jpg
531,89,167,377,377,1,real_00524.jpg
532,65,73,445,445,1,real_00525.jpg
533,135,133,417,417,1,real_00526.jpg
534,75,113,418,418,1,real_00527.jpg
535,92,92,443,443,1,real_00528.jpg
536,486,447,58,58,1,real_00529.jpg
537,202,119,388,388,1,real_00530.jpg
538,119,160,400,400,1,real_00531.jpg
539,165,196,363,363,2,real_00532.jpg
540,116,109,441,441,1,real_00533.jpg
541,135,219,340,340,1,real_00534.jpg
542,114,157,401,401,1,real_00535.jpg
543,380,388,108,108,1,real_00536.jpg
544,65,87,459,459,1,real_00537.jpg
545,256,145,302,302,2,real_00538.jpg
546,100,90,443,443,1,real_00539.jpg
547,120,156,421,421,1,real_00540.jpg
548,56,137,410,410,1,real_00541.jpg
549,9,243,52,52,2,real_00542.jpg
550,162,516,30,30,2,real_00543.jpg
551,0,0,0,0,0,0
552,71,89,445,445,1,real_00545.jpg
553,70,122,437,437,1,real_00546.jpg
554,120,175,337,337,1,real_00547.jpg
555,72,113,453,453,1,real_00548.jpg
556,74,143,435,435,1,real_00549.jpg
557,34,73,492,492,1,real_00550.jpg
558,85,139,408,408,1,real_00551.jpg
559,90,62,448,448,1,real_00552.jpg
560,65,89,467,467,1,real_00553.jpg
561,94,147,416,416,1,real_00554.jpg
562,88,127,413,413,1,real_00555.jpg
563,72,165,388,388,1,real_00556.jpg
564,184,155,382,382,1,real_00557.jpg
565,106,189,377,377,1,real_00558.jpg
566,125,187,383,383,1,real_00559.jpg
567,0,0,0,0,0,0
568,67,149,361,361,1,real_00561.jpg
569,88,122,429,429,1,real_00562.jpg
570,40,173,332,332,1,real_00563.jpg
571,51,159,422,422,1,real_00564.jpg
572,88,112,404,404,1,real_00565.jpg
573,173,133,377,377,1,real_00566.jpg
574,119,149,399,399,1,real_00567.jpg
575,62,27,495,495,1,real_00568.jpg
576,100,280,44,44,2,real_00569.jpg
577,48,130,398,398,1,real_00570.jpg
578,75,100,438,438,1,real_00571.jpg
579,159,216,353,353,1,real_00572.jpg
580,98,138,379,379,1,real_00573.jpg
581,92,171,395,395,1,real_00574.jpg
582,103,103,400,400,1,real_00575.jpg
583,505,309,61,61,2,real_00576.jpg
584,61,304,51,51,3,real_00577.jpg
585,120,83,430,430,1,real_00578.jpg
586,63,85,441,441,1,real_00579.jpg
587,236,318,33,33,2,real_00580.jpg
588,75,90,443,443,1,real_00581.jpg
589,113,172,401,401,1,real_00582.jpg
590,195,318,81,81,3,real_00583.jpg
591,95,153,401,401,1,real_00584.jpg
592,108,152,402,402,1,real_00585.jpg
593,89,117,440,440,1,real_00586.jpg
594,55,85,456,456,1,real_00587.jpg
595,139,150,404,404,1,real_00588.jpg
596,45,441,46,46,2,real_00589.jpg
597,174,170,378,378,1,real_00590.jpg
598,162,179,369,369,1,real_00591.jpg
599,141,142,401,401,1,real_00592.jpg
600,388,322,125,125,2,real_00593.jpg
601,100,120,449,449,1,real_00594.jpg
602,63,114,454,454,1,real_00595.jpg
603,80,92,438,438,2,real_00596.jpg
604,69,57,472,472,1,real_00597.jpg
605,29,101,492,492,1,real_00598.jpg
606,63,115,442,442,1,real_00599.jpg
607,111,164,396,396,1,real_00600.jpg
608,88,195,342,342,2,real_00601.jpg
609,0,0,0,0,0,0
610,14,156,398,398,1,real_00603.jpg
611,117,190,366,366,1,real_00604.jpg
612,100,113,421,421,2,real_00605.jpg
613,100,174,382,382,2,real_00606.jpg
614,0,0,0,0,0,0
615,0,0,0,0,0,0
616,0,0,0,0,0,0
617,34,123,392,392,1,real_00610.jpg
618,0,0,0,0,0,0
619,75,122,456,456,1,real_00612.jpg
620,115,139,422,422,1,real_00613.jpg
621,154,206,341,341,1,real_00614.jpg
622,74,125,432,432,1,real_00615.jpg
623,49,143,365,365,1,real_00616.jpg
624,102,176,362,362,1,real_00617.jpg
625,49,151,389,389,1,real_00618.jpg
626,119,150,398,398,1,real_00619.jpg
627,70,179,391,391,1,real_00620.jpg
628,114,181,400,400,1,real_00621.jpg
629,51,113,475,475,1,real_00622.jpg
630,0,0,0,0,0,0
631,84,113,407,407,1,real_00624.jpg
632,311,290,238,238,1,real_00625.jpg
633,86,134,416,416,1,real_00626.jpg
634,0,0,0,0,0,0
635,0,0,0,0,0,0
636,57,195,382,382,3,real_00629.jpg
637,0,0,0,0,0,0
638,42,116,444,444,1,real_00631.jpg
639,38,170,363,363,1,real_00632.jpg
640,152,89,424,424,1,real_00633.jpg
641,47,164,381,381,2,real_00634.jpg
642,41,141,396,396,1,real_00635.jpg
643,22,53,475,475,1,real_00636.jpg
644,114,163,388,388,1,real_00637.jpg
645,56,171,361,361,1,real_00638.jpg
646,40,81,471,471,1,real_00639.jpg
647,59,93,456,456,1,real_00640.jpg
648,137,124,399,399,1,real_00641.jpg
649,79,163,393,393,1,real_00642.jpg
650,85,71,427,427,1,real_00643.jpg
651,144,219,302,302,1,real_00644.jpg
652,97,128,393,393,1,real_00645.jpg
653,85,35,470,470,1,real_00646.jpg
654,113,124,394,394,2,real_00647.jpg
655,70,92,458,458,1,real_00648.jpg
656,114,29,481,481,1,real_00649.jpg
657,387,110,58,58,1,real_00650.jpg
658,89,112,405,405,1,real_00651.jpg
659,0,0,0,0,0,0
660,39,186,295,295,1,real_00653.jpg
661,90,80,420,420,1,real_00654.jpg
662,79,156,428,428,1,real_00655.jpg
663,240,75,41,41,5,real_00656.jpg
664,77,99,419,419,1,real_00657.jpg
665,106,227,361,361,1,real_00658.jpg
666,162,200,361,361,1,real_00659.jpg
667,142,159,400,400,1,real_00660.jpg
668,0,0,0,0,0,0
669,64,176,383,383,1,real_00662.jpg
670,141,66,426,426,1,real_00663.jpg
671,155,121,395,395,1,real_00664.jpg
672,31,115,413,413,1,real_00665.jpg
673,406,21,134,134,1,real_00666.jpg
674,72,96,460,460,1,real_00667.jpg
675,102,177,370,370,1,real_00668.jpg
676,111,125,429,429,1,real_00669.jpg
677,41,37,484,484,1,real_00670.jpg
678,0,0,0,0,0,0
679,323,180,145,145,3,real_00672.jpg
680,80,127,414,414,1,real_00673.jpg
681,154,365,80,80,2,real_00674.jpg
682,66,69,460,460,1,real_00675.jpg
683,116,138,419,419,1,real_00676.jpg
684,103,135,412,412,1,real_00677.jpg
685,39,104,443,443,1,real_00678.jpg
686,73,72,414,414,1,real_00679.jpg
687,75,104,466,466,1,real_00680.jpg
688,58,138,382,382,1,real_00681.jpg
689,128,195,383,383,1,real_00682.jpg
690,0,0,0,0,0,0
691,257,252,91,91,2,real_00684.jpg
692,148,59,441,441,1,real_00685.jpg
693,59,530,36,36,2,real_00686.jpg
694,74,103,454,454,1,real_00687.jpg
695,37,25,537,537,2,real_00688.jpg
696,108,174,382,382,1,real_00689.jpg
697,139,131,422,422,1,real_00690.jpg
698,0,0,0,0,0,0
699,0,0,0,0,0,0
700,118,156,382,382,1,real_00693.jpg
701,103,164,382,382,1,real_00694.jpg
702,8,131,426,426,1,real_00695.jpg
703,54,34,485,485,1,real_00696.jpg
704,431,534,48,48,1,real_00697.jpg
705,89,112,403,403,1,real_00698.jpg
706,102,171,385,385,1,real_00699.jpg
707,0,0,0,0,0,0
708,77,143,421,421,1,real_00701.jpg
709,35,109,437,437,1,real_00702.jpg
710,74,47,479,479,1,real_00703.jpg
711,398,312,54,54,1,real_00704.jpg
712,0,0,0,0,0,0
713,289,418,62,62,3,real_00706.jpg
714,155,136,412,412,1,real_00707.jpg
715,111,142,415,415,1,real_00708.jpg
716,231,132,346,346,1,real_00709.jpg
717,67,217,354,354,1,real_00710.jpg
718,0,0,0,0,0,0
719,139,173,353,353,1,real_00712.jpg
720,125,95,419,419,1,real_00713.jpg
721,397,5,60,60,2,real_00714.jpg
722,134,89,424,424,1,real_00715.jpg
723,275,293,96,96,1,real_00716.jpg
724,211,147,361,361,1,real_00717.jpg
725,358,373,161,161,2,real_00718.jpg
726,116,203,345,345,1,real_00719.jpg
727,52,162,399,399,1,real_00720.jpg
728,40,89,341,341,1,real_00721.jpg
729,0,0,0,0,0,0
730,0,0,0,0,0,0
731,143,90,372,372,1,real_00724.jpg
732,42,107,447,447,1,real_00725.jpg
733,74,147,377,377,1,real_00726.jpg
734,70,145,408,408,1,real_00727.jpg
735,30,23,533,533,1,real_00728.jpg
736,61,130,468,468,1,real_00729.jpg
737,167,167,398,398,2,real_00730.jpg
738,86,151,409,409,1,real_00731.jpg
739,93,155,390,390,1,real_00732.jpg
740,354,167,127,127,2,real_00733.jpg
741,63,114,432,432,1,real_00734.jpg
742,81,158,381,381,3,real_00735.jpg
743,226,195,308,308,1,real_00736.jpg
744,113,176,390,390,1,real_00737.jpg
745,151,185,373,373,1,real_00738.jpg
746,120,166,395,395,1,real_00739.jpg
747,18,120,416,416,1,real_00740.jpg
748,75,179,398,398,1,real_00741.jpg
749,0,0,0,0,0,0
750,207,462,130,130,2,real_00743.jpg
751,87,165,392,392,1,real_00744.jpg
752,102,140,424,424,1,real_00745.jpg
753,95,175,375,375,1,real_00746.jpg
754,97,208,352,352,1,real_00747.jpg
755,58,187,360,360,1,real_00748.jpg
756,47,125,422,422,1,real_00749.jpg
757,74,162,418,418,1,real_00750.jpg
758,81,157,427,427,1,real_00751.jpg
759,149,182,380,380,1,real_00752.jpg
760,94,163,393,393,1,real_00753.jpg
761,90,143,423,423,1,real_00754.jpg
762,74,150,432,432,1,real_00755.jpg
763,116,147,394,394,1,real_00756.jpg
764,97,167,375,375,1,real_00757.jpg
765,44,157,402,402,1,real_00758.jpg
766,218,196,330,330,1,real_00759.jpg
767,85,168,403,403,1,real_00760.jpg
768,71,31,488,488,1,real_00761.jpg
769,0,0,0,0,0,0
770,145,106,449,449,1,real_00763.jpg
771,79,117,427,427,1,real_00764.jpg
772,50,95,459,459,1,real_00765.jpg
773,59,142,403,403,1,real_00766.jpg
774,105,141,403,403,1,real_00767.jpg
775,129,158,400,400,1,real_00768.jpg
776,50,65,403,403,1,real_00769.jpg
777,43,146,415,415,1,real_00770.jpg
778,110,162,367,367,1,real_00771.jpg
779,105,183,399,399,1,real_00772.jpg
780,67,154,388,388,1,real_00773.jpg
781,102,189,373,373,1,real_00774.jpg
782,0,0,0,0,0,0
783,101,180,404,404,1,real_00776.jpg
784,132,143,390,390,1,real_00777.jpg
785,163,138,402,402,1,real_00778.jpg
786,71,187,374,374,1,real_00779.jpg
787,154,189,359,359,1,real_00780.jpg
788,78,148,420,420,1,real_00781.jpg
789,98,165,379,379,1,real_00782.jpg
790,70,39,467,467,1,real_00783.jpg
791,107,157,419,419,1,real_00784.jpg
792,148,141,393,393,1,real_00785.jpg
793,95,126,411,411,1,real_00786.jpg
794,16,54,507,507,1,real_00787.jpg
795,0,0,0,0,0,0
796,67,89,413,413,1,real_00789.jpg
797,100,167,383,383,1,real_00790.jpg
798,82,75,431,431,1,real_00791.jpg
799,76,95,449,449,1,real_00792.jpg
800,0,0,0,0,0,0
801,83,129,427,427,1,real_00794.jpg
802,140,153,406,406,1,real_00795.jpg
803,154,133,391,391,1,real_00796.jpg
804,121,124,378,378,1,real_00797.jpg
805,0,0,0,0,0,0
806,65,113,454,454,1,real_00799.jpg
807,0,0,0,0,0,0
808,239,275,199,199,1,real_00801.jpg
809,99,124,436,436,1,real_00802.jpg
810,108,29,472,472,1,real_00803.jpg
811,94,339,231,231,2,real_00804.jpg
812,118,139,405,405,1,real_00805.jpg
813,76,166,382,382,1,real_00806.jpg
814,350,171,76,76,1,real_00807.jpg
815,139,138,408,408,1,real_00808.jpg
816,83,98,411,411,1,real_00809.jpg
817,72,154,402,402,1,real_00810.jpg
818,89,96,444,444,1,real_00811.jpg
819,63,58,483,483,1,real_00812.jpg
820,61,83,468,468,1,real_00813.jpg
821,56,85,428,428,1,real_00814.jpg
822,15,168,401,401,1,real_00815.jpg
823,91,156,401,401,1,real_00816.jpg
824,130,191,349,349,1,real_00817.jpg
825,0,0,0,0,0,0
826,59,125,415,415,1,real_00819.jpg
827,80,110,440,440,1,real_00820.jpg
828,162,139,355,355,1,real_00821.jpg
829,80,96,424,424,1,real_00822.jpg
830,26,393,48,48,3,real_00823.jpg
831,66,141,430,430,1,real_00824.jpg
832,44,22,489,489,1,real_00825.jpg
833,109,175,355,355,1,real_00826.jpg
834,120,141,374,374,1,real_00827.jpg
835,124,69,460,460,1,real_00828.jpg
836,78,147,426,426,1,real_00829.jpg
837,97,155,402,402,1,real_00830.jpg
838,78,109,455,455,1,real_00831.jpg
839,66,125,419,419,1,real_00832.jpg
840,68,53,466,466,1,real_00833.jpg
841,130,216,356,356,1,real_00834.jpg
842,138,102,407,407,1,real_00835.jpg
843,22,80,450,450,1,real_00836.jpg
844,471,3,28,28,3,real_00837.jpg
845,55,85,462,462,1,real_00838.jpg
846,74,168,404,404,1,real_00839.jpg
847,166,146,396,396,1,real_00840.jpg
848,45,107,436,436,1,real_00841.jpg
849,159,122,390,390,1,real_00842.jpg
850,79,182,358,358,1,real_00843.jpg
851,150,109,402,402,1,real_00844.jpg
852,62,121,387,387,1,real_00845.jpg
853,82,118,441,441,1,real_00846.jpg
854,55,65,506,506,1,real_00847.jpg
855,45,177,337,337,1,real_00848.jpg
856,72,122,407,407,1,real_00849.jpg
857,115,69,439,439,1,real_00850.jpg
858,0,0,0,0,0,0
859,335,324,83,83,2,real_00852.jpg
860,184,109,404,404,1,real_00853.jpg
861,75,104,437,437,1,real_00854.jpg
862,169,106,369,369,1,real_00855.jpg
863,69,129,447,447,1,real_00856.jpg
864,0,0,0,0,0,0
865,103,123,426,426,1,real_00858.jpg
866,139,164,374,374,1,real_00859.jpg
867,46,32,494,494,1,real_00860.jpg
868,88,61,469,469,1,real_00861.jpg
869,175,178,383,383,1,real_00862.jpg
870,110,152,384,384,1,real_00863.jpg
871,17,25,64,64,2,real_00864.jpg
872,30,69,489,489,1,real_00865.jpg
873,68,87,445,445,1,real_00866.jpg
874,62,46,499,499,2,real_00867.jpg
875,81,117,421,421,1,real_00868.jpg
876,60,35,485,485,1,real_00869.jpg
877,0,0,0,0,0,0
878,75,125,451,451,1,real_00871.jpg
879,0,0,0,0,0,0
880,28,17,526,526,1,real_00873.jpg
881,69,160,408,408,1,real_00874.jpg
882,529,228,61,61,1,real_00875.jpg
883,114,163,412,412,1,real_00876.jpg
884,0,0,0,0,0,0
885,114,169,394,394,1,real_00878.jpg
886,128,155,401,401,2,real_00879.jpg
887,224,326,61,61,1,real_00880.jpg
888,67,165,395,395,1,real_00881.jpg
889,64,103,454,454,1,real_00882.jpg
890,17,156,420,420,1,real_00883.jpg
891,156,80,385,385,1,real_00884.jpg
892,69,77,488,488,1,real_00885.jpg
893,75,130,406,406,1,real_00886.jpg
894,79,84,461,461,1,real_00887.jpg
895,237,101,138,138,1,real_00888.jpg
896,120,177,376,376,1,real_00889.jpg
897,58,108,439,439,1,real_00890.jpg
898,66,149,351,351,1,real_00891.jpg
899,101,88,418,418,1,real_00892.jpg
900,143,115,420,420,1,real_00893.jpg
901,301,282,74,74,1,real_00894.jpg
902,120,314,42,42,2,real_00895.jpg
903,54,69,440,440,1,real_00896.jpg
904,43,187,371,371,2,real_00897.jpg
905,108,167,380,380,1,real_00898.jpg
906,48,151,406,406,1,real_00899.jpg
907,127,98,423,423,1,real_00900.jpg
908,209,166,149,149,1,real_00901.jpg
909,63,83,464,464,1,real_00902.jpg
910,109,171,402,402,1,real_00903.jpg
911,446,190,57,57,2,real_00904.jpg
912,502,406,49,49,3,real_00905.jpg
913,99,141,376,376,1,real_00906.jpg
914,80,122,390,390,1,real_00907.jpg
915,84,132,400,400,1,real_00908.jpg
916,78,125,420,420,1,real_00909.jpg
917,0,0,0,0,0,0
918,525,233,54,54,2,real_00911.jpg
919,91,157,400,400,1,real_00912.jpg
920,36,73,518,518,1,real_00913.jpg
921,168,130,392,392,1,real_00914.jpg
922,54,165,390,390,1,real_00915.jpg
923,77,94,450,450,1,real_00916.jpg
924,0,0,0,0,0,0
925,42,39,472,472,1,real_00918.jpg
926,124,134,388,388,1,real_00919.jpg
927,99,122,450,450,1,real_00920.jpg
928,0,0,0,0,0,0
929,440,190,120,120,3,real_00922.jpg
930,132,259,319,319,1,real_00923.jpg
931,27,8,517,517,1,real_00924.jpg
932,67,131,413,413,1,real_00925.jpg
933,129,205,378,378,1,real_00926.jpg
934,189,166,364,364,2,real_00927.jpg
935,127,182,332,332,1,real_00928.jpg
936,102,206,378,378,2,real_00929.jpg
937,150,152,366,366,2,real_00930.jpg
938,62,78,473,473,1,real_00931.jpg
939,36,64,475,475,1,real_00932.jpg
940,89,110,421,421,1,real_00933.jpg
941,126,165,411,411,1,real_00934.jpg
942,0,0,0,0,0,0
943,99,136,426,426,1,real_00936.jpg
944,97,201,343,343,1,real_00937.jpg
945,99,113,438,438,1,real_00938.jpg
946,67,50,440,440,1,real_00939.jpg
947,97,74,431,431,1,real_00940.jpg
948,123,130,421,421,1,real_00941.jpg
949,0,0,0,0,0,0
950,114,196,381,381,1,real_00943.jpg
951,31,151,435,435,1,real_00944.jpg
952,59,91,466,466,1,real_00945.jpg
953,2,273,66,66,1,real_00946.jpg
954,524,140,62,62,1,real_00947.jpg
955,56,21,463,463,1,real_00948.jpg
956,43,214,48,48,4,real_00949.jpg
957,135,172,384,384,1,real_00950.jpg
958,17,314,135,135,1,real_00951.jpg
959,64,12,498,498,2,real_00952.jpg
960,276,440,62,62,1,real_00953.jpg
961,72,7,508,508,1,real_00954.jpg
962,85,148,395,395,1,real_00955.jpg
963,172,166,364,364,1,real_00956.jpg
964,0,0,0,0,0,0
965,67,181,407,407,1,real_00958.jpg
966,142,112,396,396,1,real_00959.jpg
967,97,187,379,379,1,real_00960.jpg
968,85,178,383,383,1,real_00961.jpg
969,0,0,0,0,0,0
970,193,172,332,332,1,real_00963.jpg
971,57,116,443,443,1,real_00964.jpg
972,76,97,441,441,1,real_00965.jpg
973,75,9,427,427,1,real_00966.jpg
974,61,121,432,432,1,real_00967.jpg
975,33,79,456,456,1,real_00968.jpg
976,510,100,80,80,1,real_00969.jpg
977,31,298,75,75,1,real_00970.jpg
978,489,75,65,65,1,real_00971.jpg
979,44,75,469,469,1,real_00972.jpg
980,157,119,352,352,1,real_00973.jpg
981,49,75,456,456,1,real_00974.jpg
982,113,103,408,408,1,real_00975.jpg
983,106,254,335,335,1,real_00976.jpg
984,426,481,113,113,2,real_00977.jpg
985,50,80,465,465,1,real_00978.jpg
986,100,155,400,400,1,real_00979.jpg
987,279,113,55,55,4,real_00980.jpg
988,117,169,393,393,1,real_00981.jpg
989,23,99,453,453,1,real_00982.jpg
990,89,96,468,468,1,real_00983.jpg
991,0,0,0,0,0,0
992,82,115,442,442,1,real_00985.jpg
993,372,210,183,183,2,real_00986.jpg
994,57,123,418,418,1,real_00987.jpg
995,149,155,419,419,1,real_00988.jpg
996,81,170,380,380,1,real_00989.jpg
997,162,182,311,311,1,real_00990.jpg
998,40,129,407,407,1,real_00991.jpg
999,150,121,437,437,1,real_00992.jpg
1000,185,79,372,372,1,real_00993.jpg
1001,128,49,458,458,1,real_00994.jpg
1002,22,68,464,464,1,real_00995.jpg
1003,25,24,545,545,1,real_00996.jpg
1004,369,439,37,37,6,real_00997.jpg
1005,50,78,466,466,1,real_00998.jpg
1006,91,107,423,423,1,real_00999.jpg
1007,69,94,427,427,1,real_01000.jpg
1008,461,22,102,102,2,real_01001.jpg
1009,54,138,405,405,1,real_01002.jpg
1010,89,142,404,404,1,real_01003.jpg
1011,47,61,491,491,1,real_01004.jpg
1012,0,0,0,0,0,0
1013,53,122,431,431,1,real_01006.jpg
1014,69,52,476,476,1,real_01007(1).jpg
1015,69,52,476,476,1,real_01007.jpg
1016,119,178,368,368,1,real_01008.jpg
1017,132,155,407,407,1,real_01009.jpg
1018,35,113,425,425,1,real_01010.jpg
1019,71,139,433,433,1,real_01011.jpg
1020,116,51,468,468,1,real_01012.jpg
1021,168,132,416,416,2,real_01013(1).jpg
1022,168,132,416,416,2,real_01013.jpg
1023,0,0,0,0,0,0
1024,74,96,453,453,1,real_01015.jpg
1025,85,119,411,411,1,real_01016.jpg
1026,92,93,447,447,1,real_01017.jpg
1027,93,104,470,470,1,real_01018.jpg
1028,110,117,461,461,1,real_01019.jpg
1029,76,178,392,392,1,real_01020.jpg
1030,92,114,440,440,1,real_01021.jpg
1031,122,181,358,358,1,real_01022.jpg
1032,25,119,426,426,1,real_01023.jpg
1033,59,62,506,506,1,real_01024.jpg
1034,0,0,0,0,0,0
1035,118,162,394,394,1,real_01026.jpg
1036,117,87,442,442,1,real_01027.jpg
1037,82,139,399,399,1,real_01028.jpg
1038,66,203,377,377,1,real_01029.jpg
1039,143,160,386,386,1,real_01030.jpg
1040,136,163,378,378,1,real_01031.jpg
1041,34,27,483,483,1,real_01032.jpg
1042,39,139,392,392,1,real_01033.jpg
1043,124,55,453,453,1,real_01034.jpg
1044,106,217,372,372,1,real_01035.jpg
1045,58,167,336,336,1,real_01036.jpg
1046,151,175,354,354,1,real_01037.jpg
1047,188,164,350,350,1,real_01038.jpg
1048,159,119,410,410,1,real_01039.jpg
1049,110,124,425,425,1,real_01040.jpg
1050,143,125,407,407,1,real_01041.jpg
1051,44,138,398,398,2,real_01042.jpg
1052,36,132,421,421,1,real_01043.jpg
1053,168,162,376,376,1,real_01044.jpg
1054,74,124,411,411,1,real_01045.jpg
1055,138,173,389,389,1,real_01046.jpg
1056,0,0,0,0,0,0
1057,67,163,363,363,1,real_01048.jpg
1058,157,206,348,348,1,real_01049.jpg
1059,166,175,364,364,1,real_01050.jpg
1060,65,156,381,381,1,real_01051.jpg
1061,343,414,122,122,1,real_01052.jpg
1062,75,54,461,461,1,real_01053.jpg
1063,0,0,0,0,0,0
1064,100,167,390,390,1,real_01055.jpg
1065,113,146,383,383,1,real_01056.jpg
1066,116,159,393,393,2,real_01057.jpg
1067,85,105,434,434,1,real_01058.jpg
1068,41,136,400,400,1,real_01059.jpg
1069,89,129,409,409,1,real_01060.jpg
1070,95,184,363,363,1,real_01061.jpg
1071,33,151,366,366,1,real_01062.jpg
1072,150,214,338,338,1,real_01063.jpg
1073,112,148,402,402,1,real_01064.jpg
1074,104,170,402,402,1,real_01065.jpg
1075,72,108,411,411,1,real_01066.jpg
1076,234,182,305,305,1,real_01067.jpg
1077,90,161,388,388,1,real_01068.jpg
1078,52,200,354,354,1,real_01069.jpg
1079,92,149,409,409,1,real_01070.jpg
1080,119,196,377,377,1,real_01071.jpg
1081,75,62,66,66,2,real_01072.jpg
1082,84,149,408,408,1,real_01073.jpg
1083,74,96,433,433,1,real_01074.jpg
1084,94,154,393,393,1,real_01075.jpg
1085,68,127,429,429,1,real_01076.jpg
1086,80,161,420,420,1,real_01077.jpg
1087,70,80,467,467,1,real_01078.jpg
1088,77,73,465,465,1,real_01079.jpg
1089,52,91,450,450,1,real_01080.jpg
1090,0,0,0,0,0,0
